{"cameraMode":{"drawMode":0,"name":"Shaded","section":"Shading Mode"},"sceneLighting":true,"audioPlay":false,"sceneViewState":{"showFog":true,"showMaterialUpdate":false,"showSkybox":true,"showFlares":true,"showImageEffects":true,"showParticleSystems":true},"in2DMode":false,"pivot":{"x":1.08682119846344,"y":-3.7935657501220705,"z":2.2419815063476564},"rotation":{"x":-0.31136107444763186,"y":0.03191904351115227,"z":-0.010464809834957123,"w":-0.949698805809021},"size":10.0,"orthographic":false}